"Team 1","Agg.","Team 2","1st leg","2nd leg"
"Tauro F.C.","5 - 0","América Managua","5 - 0","0 - 0"
"Deportivo Saprissa","8 - 2","Real Estelí","4 - 1","4 - 1"
"L.D. Alajuelense","11 - 1","C.D. Plaza Amador","4 - 1","7 - 0"
"Duurly's","0 - 8","C.D. Luis Ángel Firpo","0 - 4","0 - 4"
"Real C.D. España","6 - 0","Acros Real Verdes","5 - 0","1 - 0"
"CSD Municipal","3 - 6","Alianza F.C.","2 - 5","1 - 1"
"C.D. Motagua","2 - 2","CSD Comunicaciones","1 - 1","1 - 1"
"C.D. Motagua","0 - 1 (Replay)","CSD Comunicaciones","",""
