Player	HR	Date reached 500 HR	Team	Seasons played
Barry Bonds	762	April 17, 2001	San Francisco Giants	1986–2007
Hank Aaron	755	July 14, 1968	Atlanta Braves	1954–1976
Babe Ruth	714	August 11, 1929	New York Yankees	1914–1935
Willie Mays	660	September 13, 1965	San Francisco Giants	1951–1952,\n1954–1973
Alex Rodriguez	654	August 4, 2007	New York Yankees	1994–
Ken Griffey, Jr.	630	June 20, 2004	Cincinnati Reds	1989–2010
Jim Thome	612	September 16, 2007	Chicago White Sox	1991–2012
Sammy Sosa	609	April 4, 2003	Chicago Cubs	1989–2005,\n2007
Frank Robinson	586	September 13, 1971	Baltimore Orioles	1956–1976
Mark McGwire	583	August 5, 1999	St. Louis Cardinals	1986–2001
Harmon Killebrew	573	August 10, 1971	Minnesota Twins	1954–1975
Rafael Palmeiro	569	May 11, 2003	Texas Rangers	1986–2005
Reggie Jackson	563	September 17, 1984	California Angels	1967–1987
Manny Ramirez	555	May 31, 2008	Boston Red Sox	1993–2011
Mike Schmidt	548	April 18, 1987	Philadelphia Phillies	1972–1989
Mickey Mantle	536	May 14, 1967	New York Yankees	1951–1968
Jimmie Foxx	534	September 24, 1940	Boston Red Sox	1925–1942,\n1944–1945
Ted Williams	521	June 17, 1960	Boston Red Sox	1939–1942,\n1946–1960
Willie McCovey	521	June 30, 1978	San Francisco Giants	1959–1980
Frank Thomas	521	June 28, 2007	Toronto Blue Jays	1990–2008
Ernie Banks	512	May 12, 1970	Chicago Cubs	1953–1971
Eddie Mathews	512	July 14, 1967	Houston Astros	1952–1968
Mel Ott	511	August 1, 1945	New York Giants	1926–1947
Gary Sheffield	509	April 17, 2009	New York Mets	1988–2009
Eddie Murray	504	September 6, 1996	Baltimore Orioles	1977–1997
