"Season","Competition","Round","Opponent","Home","Away","Aggregate"
"2010–11","UEFA Europa League","1QR","Široki Brijeg","0–2","0–3","0–5"
"2011–12","UEFA Europa League","1QR","Široki Brijeg","3–0","0–0","3–0"
"2011–12","UEFA Europa League","2QR","Bohemian F.C.","2–0","1–1","3–1"
"2011–12","UEFA Europa League","3QR","Austria Wien","1–1","2–3","3–4"
"2012–13","UEFA Europa League","1QR","Jeunesse Esch","3–0","3–0","6–0"
"2012–13","UEFA Europa League","2QR","Tromsø","0–0","0–1 (a.e.t.)","0–1"
"2013–14","UEFA Europa League","2QR","Žilina","3–1","0–2","3–3 (a.g.)"
